participant_id,test_id,test_duration,mental,physical,temporal,performance,effort,frustration,mean,mean_pupil_diameter,median_pupil_diameter,blinkrate,fixationrate,blinkrate_rel,fixationrate_rel,mean_pupil_diameter_rel,median_pupil_diameter_rel,blinkrate_var,blinkrate_std,fixationrate_var,fixationrate_std,mean_pupil_diameter_var,mean_pupil_diameter_std,median_pupil_diameter_var,median_pupil_diameter_std
1,1,33.643950000000586,10,5,15,25,25,10,15.0,43.8555340129,43.89397621154785,0.0594460519647652,0.2959462510705301,0.0,0.0,0.0,0.0,0.010298407397202848,0.10148106915677843,0.003606086314832452,0.06005069787131913,2.039596593492945,1.4281444582019514,2.0363067707754583,1.4269922111824782
1,2,28.484322000000247,50,30,25,50,15,25,32.5,42.93553776016144,43.021598815918,0.0,0.175533298245399,-0.0594460519647652,-0.12041295282513106,-0.9199962527385637,-0.8723773956298544,0.010298407397202848,0.10148106915677843,0.003606086314832452,0.06005069787131913,2.039596593492945,1.4281444582019514,2.0363067707754583,1.4269922111824782
1,3,71.42382300000008,100,10,75,80,90,20,62.5,44.70445936756607,44.79162979,0.1960130305542449,0.1960183849563621,0.1365669785894797,-0.09992786611416798,0.848925354666072,0.8976535784521502,0.010298407397202848,0.10148106915677843,0.003606086314832452,0.06005069787131913,2.039596593492945,1.4281444582019514,2.0363067707754583,1.4269922111824782
1,4,38.16344200000003,60,15,45,50,20,25,35.8,45.76215639489129,45.8454704284668,0.052406174474514,0.288262571772794,-0.007039877490251201,-0.007683679297736057,1.9066223819912906,1.9514942169189453,0.010298407397202848,0.10148106915677843,0.003606086314832452,0.06005069787131913,2.039596593492945,1.4281444582019514,2.0363067707754583,1.4269922111824782
2,1,41.74804700000095,20,10,20,10,20,15,15.8,31.49239306049311,31.3931007385254,0.0,0.1437265671049483,0.0,0.0,0.0,0.0,0.010956305756258137,0.10467237341466056,0.002056864363246915,0.04535266655056696,0.7457559181117268,0.8635716056655214,0.9154096525356016,0.9567704283346145
2,2,29.480232000001703,50,10,60,30,30,25,34.2,33.24833941920432,33.119140625,0.0,0.3052799438285005,0.0,0.1615533767235522,1.7559463587112099,1.7260398864745987,0.010956305756258137,0.10467237341466056,0.002056864363246915,0.04535266655056696,0.7457559181117268,0.8635716056655214,0.9154096525356016,0.9567704283346145
2,3,42.02767599999788,50,10,20,25,50,20,29.2,34.22961421845484,34.1431655883789,0.1427630687930568,0.2147714531654563,0.1427630687930568,0.07104488606050799,2.7372211579617307,2.750064849853498,0.010956305756258137,0.10467237341466056,0.002056864363246915,0.04535266655056696,0.7457559181117268,0.8635716056655214,0.9154096525356016,0.9567704283346145
2,4,49.023875999992015,85,10,90,90,80,85,73.3,34.96986778906296,35.0310668945312,0.2039822391848745,0.2651980217819225,0.2039822391848745,0.12147145467697418,3.477474728569849,3.637966156005799,0.010956305756258137,0.10467237341466056,0.002056864363246915,0.04535266655056696,0.7457559181117268,0.8635716056655214,0.9154096525356016,0.9567704283346145
3,1,42.35030099999858,5,5,5,0,5,5,4.2,31.121870152082177,30.6852992222407,0.1416754983630506,0.259758034918188,0.0,0.0,0.0,0.0,0.003619111626272706,0.060159052737495014,0.001213909318044722,0.034841201443760836,1.418263735475557,1.1909087855396638,1.8203346823522486,1.3491977921536369
3,2,45.0635059999986,15,10,10,0,15,5,9.2,31.42622480882639,31.3076288292728,0.0887636217208693,0.2884802374006207,-0.052911876642181305,0.02872220248243268,0.3043546567442128,0.6223296070320998,0.003619111626272706,0.060159052737495014,0.001213909318044722,0.034841201443760836,1.418263735475557,1.1909087855396638,1.8203346823522486,1.3491977921536369
3,3,86.71307800000068,80,15,55,45,50,25,45.0,33.56710174771341,33.823488601516445,0.2075811447957118,0.2306421908328015,0.0659056464326612,-0.029115844085386505,2.445231595631231,3.138189379275744,0.003619111626272706,0.060159052737495014,0.001213909318044722,0.034841201443760836,1.418263735475557,1.1909087855396638,1.8203346823522486,1.3491977921536369
3,4,53.12401900000259,55,10,15,15,30,10,22.5,33.40069627315061,33.4104499816895,0.1317671390788347,0.2259041460470136,-0.009908359284215906,-0.03385388887117441,2.2788261210684304,2.725150759448802,0.003619111626272706,0.060159052737495014,0.001213909318044722,0.034841201443760836,1.418263735475557,1.1909087855396638,1.8203346823522486,1.3491977921536369
4,1,18.114320000007865,35,45,55,40,45,15,39.2,30.32579458995717,30.4229469299316,0.0552049428297372,0.2207667621509662,0.0,0.0,0.0,0.0,0.08055932395245924,0.28382974465770716,0.0040491022056550734,0.06363255617728297,1.7201632919815126,1.3115499578672223,1.9242071684360398,1.3871579464632136
4,2,23.99121800001012,60,45,80,50,45,20,50.0,28.83615222104014,28.84672927856445,0.0416819187754276,0.3333688787900409,-0.0135230240543096,0.11260211663907471,-1.4896423689170284,-1.576217651367152,0.08055932395245924,0.28382974465770716,0.0040491022056550734,0.06363255617728297,1.7201632919815126,1.3115499578672223,1.9242071684360398,1.3871579464632136
4,3,43.53845100000035,70,80,70,70,70,50,68.3,30.83950587142833,30.8943195343018,0.4363958653466989,0.2066833163091648,0.3811909225169617,-0.014083445841801379,0.51371128147116,0.4713726043701989,0.08055932395245924,0.28382974465770716,0.0040491022056550734,0.06363255617728297,1.7201632919815126,1.3115499578672223,1.9242071684360398,1.3871579464632136
4,4,32.0756379999948,75,70,80,60,80,40,67.5,31.304260254832776,31.4916820526123,0.5923498700167112,0.2805324199862717,0.537144927186974,0.05976565783530552,0.9784656648756069,1.0687351226806996,0.08055932395245924,0.28382974465770716,0.0040491022056550734,0.06363255617728297,1.7201632919815126,1.3115499578672223,1.9242071684360398,1.3871579464632136
5,1,40.52363899999182,15,15,5,50,50,5,23.3,31.5698077004842,31.5385084152222,0.0,0.3455142830792471,0.0,0.0,0.0,0.0,0.11935826532451496,0.34548265560591457,0.001949967075327756,0.04415843153156321,2.41772445726173,1.5549033594605584,2.2227797346362297,1.4908989686213583
5,2,38.68948199998704,10,5,5,50,10,5,14.2,34.04321701492947,34.13107872009275,0.0258468180059979,0.3618278306623405,0.0258468180059979,0.01631354758309339,2.4734093144452665,2.592570304870552,0.11935826532451496,0.34548265560591457,0.001949967075327756,0.04415843153156321,2.41772445726173,1.5549033594605584,2.2227797346362297,1.4908989686213583
5,3,50.13375700000324,85,5,50,70,65,10,47.5,35.78875366230561,35.8096961975098,0.2792529592386043,0.2991572113127846,0.2792529592386043,-0.046357071766462477,4.218945961821408,4.271187782287601,0.11935826532451496,0.34548265560591457,0.001949967075327756,0.04415843153156321,2.41772445726173,1.5549033594605584,2.2227797346362297,1.4908989686213583
5,4,140.9942260000098,90,95,70,85,85,75,83.3,37.14488635285871,37.1046371459961,0.7092489021500288,0.2766019250663763,0.7092489021500288,-0.06891235801287077,5.575078652374511,5.566128730773901,0.11935826532451496,0.34548265560591457,0.001949967075327756,0.04415843153156321,2.41772445726173,1.5549033594605584,2.2227797346362297,1.4908989686213583
6,1,42.70937100000447,30,30,30,25,30,5,25.0,30.08731524094413,29.9929313659668,0.0702421957935106,0.234100949175288,0.0,0.0,0.0,0.0,0.02943991350087236,0.17158063265086873,0.0019307133614523677,0.043939883493841536,0.07776959286185633,0.27887200085676644,0.18851833953431427,0.43418698683207246
6,2,25.83564699999988,60,45,45,30,60,5,40.8,30.447085052261787,30.3293704986572,0.0774124216823371,0.193559699724503,0.007170225888826501,-0.04054124945078502,0.3597698113176584,0.33643913269040127,0.02943991350087236,0.17158063265086873,0.0019307133614523677,0.043939883493841536,0.07776959286185633,0.27887200085676644,0.18851833953431427,0.43418698683207246
6,3,94.06873500000802,70,70,70,60,60,15,57.5,30.96680021660619,31.0906133651733,0.350807311270819,0.1483519774857665,0.2805651154773084,-0.0857489716895215,0.8794849756620629,1.0976819992065003,0.02943991350087236,0.17158063265086873,0.0019307133614523677,0.043939883493841536,0.07776959286185633,0.27887200085676644,0.18851833953431427,0.43418698683207246
6,4,63.49628799999482,80,80,80,60,80,5,64.2,30.88224491493376,31.07184410095215,0.3937238031930629,0.2362194308434267,0.3234816073995523,0.0021184816681386887,0.7949296739896319,1.078912734985348,0.02943991350087236,0.17158063265086873,0.0019307133614523677,0.043939883493841536,0.07776959286185633,0.27887200085676644,0.18851833953431427,0.43418698683207246
7,1,28.36037700000452,15,15,25,0,40,5,16.7,29.70791732372117,29.3921740490217,0.211562772949,0.3877749231666636,0.0,0.0,0.0,0.0,0.013057312368632102,0.11426859747381213,0.0028405406319032484,0.053296722524966283,0.7799917869825049,0.8831714369149994,0.7689788362863963,0.8769143836694642
7,2,49.68001799998456,75,90,15,45,95,90,68.3,30.12989181588443,30.06641656667225,0.1006440859180355,0.3220099733733646,-0.1109186870309645,-0.065764949793299,0.42197449216326177,0.6742425176505478,0.013057312368632102,0.11426859747381213,0.0028405406319032484,0.053296722524966283,0.7799917869825049,0.8831714369149994,0.7689788362863963,0.8769143836694642
7,3,54.69304700000794,90,100,50,10,100,25,62.5,31.635394866877697,31.44195180545195,0.3291094752866372,0.3290836867675795,0.1175467023376372,-0.058691236399084135,1.9274775431565274,2.049777756430249,0.013057312368632102,0.11426859747381213,0.0028405406319032484,0.053296722524966283,0.7799917869825049,0.8831714369149994,0.7689788362863963,0.8769143836694642
7,4,45.48808699997608,50,25,50,15,50,15,34.2,31.68268757986728,31.6964493366517,0.219837778625539,0.4176559709296839,0.008275005676538993,0.029881047763020252,1.9747702561461118,2.3042752876299986,0.013057312368632102,0.11426859747381213,0.0028405406319032484,0.053296722524966283,0.7799917869825049,0.8831714369149994,0.7689788362863963,0.8769143836694642
8,1,34.02062299998943,10,10,50,20,10,5,17.5,36.85226548797926,36.94692993164065,0.0,0.2351293922188949,0.0,0.0,0.0,0.0,0.03784082579057023,0.19452718522245221,0.004324137585294213,0.06575817504534484,1.8728302500115426,1.3685138837481856,1.7410536743040101,1.3194899295955276
8,2,35.72016500000609,10,10,30,25,10,10,15.8,38.08283717347885,38.3565330505371,0.0,0.3639305416727287,0.0,0.1288011494538338,1.2305716854995907,1.4096031188964488,0.03784082579057023,0.19452718522245221,0.004324137585294213,0.06575817504534484,1.8728302500115426,1.3685138837481856,1.7410536743040101,1.3194899295955276
8,3,50.01470800000243,25,10,25,40,40,20,26.7,37.47736983331714,37.5503907434512,0.3798882520717521,0.3598907371720743,0.3798882520717521,0.12476134495317942,0.6251043453378813,0.6034608118105496,0.03784082579057023,0.19452718522245221,0.004324137585294213,0.06575817504534484,1.8728302500115426,1.3685138837481856,1.7410536743040101,1.3194899295955276
8,4,68.53223099999013,60,10,50,60,50,50,46.7,40.09171500298714,40.1296424865723,0.2626501390273226,0.2480678849732052,0.2626501390273226,0.012938492754310305,3.239449515007877,3.1827125549316477,0.03784082579057023,0.19452718522245221,0.004324137585294213,0.06575817504534484,1.8728302500115426,1.3685138837481856,1.7410536743040101,1.3194899295955276
9,1,30.35639299999457,5,5,5,15,5,5,6.7,25.64432590665754,25.583750724792505,0.0658839803530135,0.2964393484105026,0.0,0.0,0.0,0.0,0.015058664176676905,0.12271374893090385,0.006004374369809829,0.07748789821520409,3.0351206834409696,1.742159775520308,3.0860077552991334,1.7567036617765484
9,2,22.639870999992127,5,5,10,25,5,5,9.2,25.864464601488045,25.837776184082,0.088339725964017,0.3533249601207537,0.022455745611003497,0.05688561171025108,0.2201386948305064,0.25402545928949394,0.015058664176676905,0.12271374893090385,0.006004374369809829,0.07748789821520409,3.0351206834409696,1.742159775520308,3.0860077552991334,1.7567036617765484
9,3,62.9518129999924,85,5,70,85,80,65,65.0,29.34233742056396,29.341856956481895,0.3018181541491473,0.2065335883906613,0.2359341737961338,-0.08990576001984132,3.6980115139064225,3.758106231689389,0.015058664176676905,0.12271374893090385,0.006004374369809829,0.07748789821520409,3.0351206834409696,1.742159775520308,3.0860077552991334,1.7567036617765484
9,4,43.34174599999096,90,80,90,70,80,35,74.2,27.41992746777626,27.3682613372803,0.2999417697663289,0.3229681287784275,0.2340577894133154,0.026528780367924887,1.775601561118723,1.784510612487793,0.015058664176676905,0.12271374893090385,0.006004374369809829,0.07748789821520409,3.0351206834409696,1.742159775520308,3.0860077552991334,1.7567036617765484
10,1,28.608831999998078,15,5,5,35,5,35,16.7,31.7821202942602,31.894225711525102,0.0349542407044113,0.2096560152790358,0.0,0.0,0.0,0.0,0.14629703310495604,0.382487951581427,0.001288306662490711,0.03589298904369363,1.7052192890402986,1.305840453133651,1.8484545335704055,1.359578807414416
10,2,29.27637199999299,5,5,5,25,5,10,9.2,34.83641136170723,34.8148651123047,0.0,0.3415053106722434,-0.0349542407044113,0.13184929539320758,3.0542910674470285,2.9206394007795993,0.14629703310495604,0.382487951581427,0.001288306662490711,0.03589298904369363,1.7052192890402986,1.305840453133651,1.8484545335704055,1.359578807414416
10,3,86.80883599998197,75,5,50,35,70,35,45.0,36.14049502933339,36.3779690934858,0.7487717033783693,0.3110241364752344,0.713817462673958,0.10136812119619862,4.358374735073188,4.4837433819607,0.14629703310495604,0.382487951581427,0.001288306662490711,0.03589298904369363,1.7052192890402986,1.305840453133651,1.8484545335704055,1.359578807414416
10,4,33.33198299998185,80,5,55,30,70,25,44.2,37.44809148050913,37.5233039855957,0.5100206609372523,0.2699789038484224,0.475066420232841,0.060322888569386585,5.665971186248928,5.629078274070601,0.14629703310495604,0.382487951581427,0.001288306662490711,0.03589298904369363,1.7052192890402986,1.305840453133651,1.8484545335704055,1.359578807414416
11,1,58.98962500000016,50,10,15,10,50,5,23.3,35.06567663060581,35.17853927612305,0.2203777359154252,0.2712338146518716,0.0,0.0,0.0,0.0,0.025399283369820738,0.15937152622040343,0.0044934045580637405,0.06703286177736813,1.6575008122156283,1.2874396343967465,1.53437259381943,1.238697942930168
11,2,29.223727999999937,50,25,45,15,35,5,29.2,36.47566684887251,36.49486923217775,0.0684375381539276,0.4106537335379842,-0.1519401977614976,0.1394199188861126,1.4099902182666995,1.3163299560547017,0.025399283369820738,0.15937152622040343,0.0044934045580637405,0.06703286177736813,1.6575008122156283,1.2874396343967465,1.53437259381943,1.238697942930168
11,3,112.81013000000075,90,15,85,35,85,75,64.2,38.97680621697316,38.9465751647949,0.3811714426709703,0.2925161524095321,0.1607937067555451,0.02128233775766053,3.911129586367352,3.7680358886718537,0.025399283369820738,0.15937152622040343,0.0044934045580637405,0.06703286177736813,1.6575008122156283,1.2874396343967465,1.53437259381943,1.238697942930168
11,4,53.927308999999696,85,10,95,40,90,70,65.0,38.25607502968358,38.0288963317871,0.2781522067047715,0.2966955303513769,0.05777447078934628,0.02546171569950534,3.190398399077772,2.8503570556640554,0.025399283369820738,0.15937152622040343,0.0044934045580637405,0.06703286177736813,1.6575008122156283,1.2874396343967465,1.53437259381943,1.238697942930168
12,1,39.5007409999962,20,10,10,5,20,5,11.7,28.166030459489107,28.05805206298825,0.0,0.379737894778591,0.0,0.0,0.0,0.0,0.022367541536884056,0.1495578200459075,0.003406405821342815,0.058364422564973734,0.12158990285803384,0.34869743741248493,0.12650349746434056,0.35567330159057564
12,2,23.04643800000485,40,25,55,40,45,10,35.8,29.889349126158773,29.9427242279053,0.0,0.21692468990833,0.0,-0.162813204870261,1.723318666669666,1.884672164917049,0.022367541536884056,0.1495578200459075,0.003406405821342815,0.058364422564973734,0.12158990285803384,0.34869743741248493,0.12650349746434056,0.35567330159057564
12,3,77.95578299999761,70,10,10,25,60,10,30.8,30.540264374064364,30.5581689429224,0.2052445551088941,0.2180677773636656,0.2052445551088941,-0.1616701174149254,2.3742339145752567,2.5001168799341507,0.022367541536884056,0.1495578200459075,0.003406405821342815,0.058364422564973734,0.12158990285803384,0.34869743741248493,0.12650349746434056,0.35567330159057564
12,4,68.71444599999813,75,20,75,45,70,10,49.2,30.431605536102413,30.559366226196303,0.2910596121229085,0.1164109356083888,0.2910596121229085,-0.2633269591702022,2.265575076613306,2.501314163208054,0.022367541536884056,0.1495578200459075,0.003406405821342815,0.058364422564973734,0.12158990285803384,0.34869743741248493,0.12650349746434056,0.35567330159057564
13,1,58.25827999999456,15,15,5,15,15,5,11.7,28.96173647124639,28.96120166778565,0.0343298840954485,0.2747260223913609,0.0,0.0,0.0,0.0,0.03145472750533046,0.17735480682893953,0.0073193895682194445,0.08555343107216358,0.22257866934478668,0.4717824385718344,0.2702417274370479,0.5198477925672551
13,2,27.47623499999463,15,15,15,30,30,5,18.3,31.85915629362456,31.8700666427612,0.0,0.4003271837678749,-0.0343298840954485,0.125601161376514,2.897419822378172,2.908864974975547,0.03145472750533046,0.17735480682893953,0.0073193895682194445,0.08555343107216358,0.22257866934478668,0.4717824385718344,0.2702417274370479,0.5198477925672551
13,3,108.9317560000054,60,35,20,40,60,5,36.7,31.100367987532117,31.06032573594905,0.3488422604699231,0.2386728876816258,0.3145123763744746,-0.03605313470973509,2.1386315162857272,2.0991240681633982,0.03145472750533046,0.17735480682893953,0.0073193895682194445,0.08555343107216358,0.22257866934478668,0.4717824385718344,0.2702417274370479,0.5198477925672551
13,4,43.46640100001241,70,25,50,50,65,50,51.7,30.994050046908253,30.9004263865262,0.2300627558282809,0.368070449788281,0.19573287173283238,0.09334442739692012,2.0323135756618633,1.9392247187405474,0.03145472750533046,0.17735480682893953,0.0073193895682194445,0.08555343107216358,0.22257866934478668,0.4717824385718344,0.2702417274370479,0.5198477925672551
14,1,62.81754399999045,15,15,50,0,15,5,16.7,27.124070760488696,27.0946865081787,0.0159191196650437,0.2228536178131525,0.0,0.0,0.0,0.0,0.011314978281506407,0.1063718867065279,0.001257323982295249,0.03545876453424807,5.6201679617917595,2.3706893431640848,5.6641970190058695,2.379957356551976
14,2,42.99081200000364,5,5,5,0,10,5,5.0,27.98191256304219,27.8882713317871,0.023260784188024,0.2325649596375243,0.007341664522980299,0.009711341824371805,0.8578418025534944,0.7935848236083984,0.011314978281506407,0.1063718867065279,0.001257323982295249,0.03545876453424807,5.6201679617917595,2.3706893431640848,5.6641970190058695,2.379957356551976
14,3,129.81186000000162,60,25,15,65,50,30,40.8,31.653488549448845,31.519875176324348,0.0539241945997839,0.1694780997029324,0.0380050749347402,-0.053375518110220094,4.529417788960149,4.425188668145648,0.011314978281506407,0.1063718867065279,0.001257323982295249,0.03545876453424807,5.6201679617917595,2.3706893431640848,5.6641970190058695,2.379957356551976
14,4,122.22160299999814,80,10,25,35,50,35,39.2,32.41580586923935,32.3688774108887,0.2209102101205497,0.2290751929707785,0.204991090455506,0.0062215751576260026,5.291735108750654,5.27419090271,0.011314978281506407,0.1063718867065279,0.001257323982295249,0.03545876453424807,5.6201679617917595,2.3706893431640848,5.6641970190058695,2.379957356551976
15,1,69.7965489999624,95,100,5,95,95,5,65.8,26.14003504259956,26.098268508911147,0.4298206778105342,0.2865836782431028,0.0,0.0,0.0,0.0,0.043836045135790425,0.20937059281520512,0.00300777211394948,0.05484315922655696,2.7648959157028927,1.6627976171810244,3.0890328560866953,1.7575644671211055
15,2,30.05182100005913,100,5,100,0,90,30,54.2,26.501032558372707,26.4060573577881,0.2662068298617996,0.232890565671769,-0.16361384794873457,-0.05369311257133383,0.3609975157731462,0.3077888488769531,0.043836045135790425,0.20937059281520512,0.00300777211394948,0.05484315922655696,2.7648959157028927,1.6627976171810244,3.0890328560866953,1.7575644671211055
15,3,40.88398599997163,90,5,15,65,70,51,49.3,27.411144388569568,27.0941181182861,0.6114863653465039,0.3423660418276532,0.18166568753596973,0.055782363584550354,1.2711093459700074,0.9958496093749538,0.043836045135790425,0.20937059281520512,0.00300777211394948,0.05484315922655696,2.7648959157028927,1.6627976171810244,3.0890328560866953,1.7575644671211055
15,4,74.532257999992,100,5,100,50,100,95,75.0,29.726189570815865,29.7353897094727,0.6440164472141063,0.2817413323568584,0.21419576940357216,-0.004842345886244437,3.586154528216305,3.637121200561552,0.043836045135790425,0.20937059281520512,0.00300777211394948,0.05484315922655696,2.7648959157028927,1.6627976171810244,3.0890328560866953,1.7575644671211055
16,1,21.561471999972127,10,5,5,0,10,5,5.8,32.43860861543028,32.0585966663499,0.092758045461951,0.3246064361438177,0.0,0.0,0.0,0.0,0.00428252647550659,0.06544101523896607,0.0003654471861259743,0.019116672987891336,0.7620727974817825,0.8729678101062962,0.6924599872484271,0.8321418071749712
16,2,22.21364800003357,15,5,25,0,15,5,10.8,34.360926037053055,34.0446395874023,0.0450173695017805,0.3150803675504008,-0.0477406759601705,-0.00952606859341687,1.9223174216227719,1.9860429210524018,0.00428252647550659,0.06544101523896607,0.0003654471861259743,0.019116672987891336,0.7620727974817825,0.8729678101062962,0.6924599872484271,0.8321418071749712
16,3,57.36395300005097,50,5,50,10,55,5,29.2,34.380870046137204,34.060081481933594,0.1743255036833168,0.2789300883347421,0.08156745822136581,-0.04567634780907559,1.942261430706921,2.0014848155836944,0.00428252647550659,0.06544101523896607,0.0003654471861259743,0.019116672987891336,0.7620727974817825,0.8729678101062962,0.6924599872484271,0.8321418071749712
16,4,31.44736099999864,90,5,90,50,90,25,58.3,32.858972094393486,32.6111106872559,0.1271966827359591,0.2862251749348002,0.0344386372740081,-0.03838126120901747,0.42036347896320336,0.5525140209060027,0.00428252647550659,0.06544101523896607,0.0003654471861259743,0.019116672987891336,0.7620727974817825,0.8729678101062962,0.6924599872484271,0.8321418071749712
17,1,42.02249799994752,65,85,25,30,60,10,45.8,35.69770927686648,35.561313629150405,0.0475935533390351,0.2379697232311306,0.0,0.0,0.0,0.0,0.0920186490939521,0.3033457583253013,0.0008360741273565242,0.02891494643530443,12.034871564770544,3.4691312406379993,13.726481941475033,3.7049267120248186
17,2,20.964111999957822,60,10,55,15,40,10,31.7,36.07282062325167,35.6801338195801,0.0,0.286228044610225,-0.0475935533390351,0.04825832137909439,0.3751113463851894,0.1188201904296946,0.0920186490939521,0.3033457583253013,0.0008360741273565242,0.02891494643530443,12.034871564770544,3.4691312406379993,13.726481941475033,3.7049267120248186
17,3,51.03234399994835,70,10,30,20,75,15,36.7,41.50659329884272,41.3322296142578,0.4898853950354563,0.2548797112846967,0.4422918416964212,0.01690998805356611,5.80888402197624,5.7709159851073935,0.0920186490939521,0.3033457583253013,0.0008360741273565242,0.02891494643530443,12.034871564770544,3.4691312406379993,13.726481941475033,3.7049267120248186
17,4,61.27379000000656,90,10,55,30,60,40,47.5,42.5260421409811,42.6558570861816,0.5548865183628492,0.2284684424578137,0.507292965023814,-0.009501280773316911,6.828332864114614,7.094543457031193,0.0920186490939521,0.3033457583253013,0.0008360741273565242,0.02891494643530443,12.034871564770544,3.4691312406379993,13.726481941475033,3.7049267120248186
18,1,34.444332999992184,45,10,25,70,40,15,34.2,29.327989992587263,29.4192562103271,0.0290323519982293,0.2031914585741378,0.0,0.0,0.0,0.0,9.394535225332201e-07,0.0009692541062761716,0.005137650194186044,0.07167740365126267,3.1067451659943575,1.7625961437590738,1.745221040382859,1.3210681437317529
18,2,26.60356099996716,60,10,75,45,35,15,40.0,31.86453822812011,32.042854309082045,0.0,0.3006199064306987,-0.0290323519982293,0.09742844785656088,2.536548235532848,2.6235980987549468,9.394535225332201e-07,0.0009692541062761716,0.005137650194186044,0.07167740365126267,3.1067451659943575,1.7625961437590738,1.745221040382859,1.3210681437317529
18,3,7249.677537999931,65,10,30,60,60,15,40.0,31.279878476076977,30.8578329086304,0.0013793716958559,0.17631890212116,-0.027652980302373398,-0.026872556452977814,1.9518884834897143,1.4385766983033008,9.394535225332201e-07,0.0009692541062761716,0.005137650194186044,0.07167740365126267,3.1067451659943575,1.7625961437590738,1.745221040382859,1.3210681437317529
18,4,6954.677879000083,80,10,60,70,70,15,50.8,34.58283374040887,33.4954490661621,0.0018692454526548,0.1766236620757733,-0.027163106545574498,-0.02656779649836452,5.25484374782161,4.076192855835004,9.394535225332201e-07,0.0009692541062761716,0.005137650194186044,0.07167740365126267,3.1067451659943575,1.7625961437590738,1.745221040382859,1.3210681437317529
19,1,33.800468000001274,15,5,5,10,10,5,8.3,31.433579092094742,31.305987358093248,0.0,0.3253852417057771,0.0,0.0,0.0,0.0,0.015302196040816332,0.1237020454188868,0.001491692228871647,0.038622431679940186,11.10760785477028,3.3328078034549606,11.891860547287484,3.448457705596443
19,2,31.02778699999908,40,5,85,5,25,15,29.2,32.93037137434333,32.9823513031006,0.0,0.2900820464837819,0.0,-0.03530319522199521,1.4967922822485882,1.6763639450073526,0.015302196040816332,0.1237020454188868,0.001491692228871647,0.038622431679940186,11.10760785477028,3.3328078034549606,11.891860547287484,3.448457705596443
19,3,57.874758000005386,90,5,50,75,75,20,52.5,39.484403165965375,39.7528953552246,0.2419016594419055,0.3628646463548973,0.2419016594419055,0.037479404649120196,8.050824073870633,8.446907997131355,0.015302196040816332,0.1237020454188868,0.001491692228871647,0.038622431679940186,11.10760785477028,3.3328078034549606,11.891860547287484,3.448457705596443
19,4,39.46618200000376,90,5,90,30,90,15,53.3,37.25920665584587,37.5057716369629,0.0760144470017321,0.3040658353211436,0.0760144470017321,-0.021319406384633477,5.82562756375113,6.19978427886965,0.015302196040816332,0.1237020454188868,0.001491692228871647,0.038622431679940186,11.10760785477028,3.3328078034549606,11.891860547287484,3.448457705596443
20,1,28.127879000006946,25,25,25,10,25,20,21.7,30.991844689489955,30.9108304977417,0.0355519163033854,0.3198867401897992,0.0,0.0,0.0,0.0,0.07041693947105136,0.2653619028252763,0.0017525720944612771,0.04186373244780352,3.2024376180775116,1.7895355872621006,3.987960685482219,1.9969879031887547
20,2,31.20604200000525,25,25,35,20,25,25,25.8,33.53060985792406,33.34175491333011,0.0640901527979634,0.2883976611526723,0.028538236494577998,-0.03148907903712689,2.5387651684341073,2.4309244155884073,0.07041693947105136,0.2653619028252763,0.0017525720944612771,0.04186373244780352,3.2024376180775116,1.7895355872621006,3.987960685482219,1.9969879031887547
20,3,100.05585300001258,35,35,30,20,30,30,30.0,35.97001612432973,36.14415550231935,0.5596873977976377,0.2398561822331361,0.5241354814942523,-0.08003055795666308,4.978171434839776,5.233325004577651,0.07041693947105136,0.2653619028252763,0.0017525720944612771,0.04186373244780352,3.2024376180775116,1.7895355872621006,3.987960685482219,1.9969879031887547
20,4,58.78374100000656,50,35,35,55,40,45,43.3,37.01841476459256,37.207462310791,0.4763221857553584,0.3232074591110083,0.440770269451973,0.0033207189212091093,6.026570075102608,6.296631813049302,0.07041693947105136,0.2653619028252763,0.0017525720944612771,0.04186373244780352,3.2024376180775116,1.7895355872621006,3.987960685482219,1.9969879031887547
21,1,42.88037000002805,25,25,50,10,25,50,30.8,30.546013523679385,30.6107883453369,0.046641388588734,0.2798352992032424,0.0,0.0,0.0,0.0,0.07367996152475892,0.2714405303648645,0.000797365032019394,0.02823765273565411,0.8287880438316331,0.9103779675671161,0.9359211572546018,0.9674301821085601
21,2,41.178928999986965,25,25,25,10,25,25,22.5,31.28448102602849,31.362271308898947,0.0242842644110612,0.2185220822268223,-0.0223571241776728,-0.061313216976420115,0.7384675023491063,0.7514829635620472,0.07367996152475892,0.2714405303648645,0.000797365032019394,0.02823765273565411,0.8287880438316331,0.9103779675671161,0.9359211572546018,0.9674301821085601
21,3,112.73169699998108,85,75,75,35,65,85,70.0,32.89028977695665,32.948169708252,0.4080485012126423,0.2749841446137808,0.3614071126239083,-0.004851154589461615,2.3442762532772647,2.337381362915103,0.07367996152475892,0.2714405303648645,0.000797365032019394,0.02823765273565411,0.8287880438316331,0.9103779675671161,0.9359211572546018,0.9674301821085601
21,4,112.99279099999694,90,65,85,35,75,90,73.3,32.830620104044065,33.1151466369629,0.5487075719724605,0.2478122306548828,0.5020661833837264,-0.032023068548359596,2.284606580364681,2.504358291625998,0.07367996152475892,0.2714405303648645,0.000797365032019394,0.02823765273565411,0.8287880438316331,0.9103779675671161,0.9359211572546018,0.9674301821085601
22,1,40.333732000000055,5,5,5,0,5,5,4.2,36.999034760066536,37.0199699401855,0.0,0.3223340556095681,0.0,0.0,0.0,0.0,0.001254846366775656,0.03542381073198726,0.006312118805369915,0.0794488439523818,2.4214144913196862,1.556089486925378,2.1713465847364186,1.4735489760223168
22,2,30.86797800000022,25,5,5,10,5,5,9.2,38.52830983126365,38.5179748535156,0.0,0.2268012347512821,0.0,-0.09553282085828602,1.5292750711971124,1.4980049133300994,0.001254846366775656,0.03542381073198726,0.006312118805369915,0.0794488439523818,2.4214144913196862,1.556089486925378,2.1713465847364186,1.4735489760223168
22,3,56.460553999999775,5,5,5,5,5,5,5.0,39.10815327983839,39.0642719268799,0.0708459219156796,0.3188127582914696,0.0708459219156796,-0.0035212973180985263,2.1091185197718545,2.0443019866944,0.001254846366775656,0.03542381073198726,0.006312118805369915,0.0794488439523818,2.4214144913196862,1.556089486925378,2.1713465847364186,1.4735489760223168
22,4,57.14615999999978,5,5,5,10,5,5,5.8,41.4662647228882,41.2991523742676,0.0349979771169227,0.3849977540193529,0.0349979771169227,0.06266369840978475,4.467229962821662,4.279182434082102,0.001254846366775656,0.03542381073198726,0.006312118805369915,0.0794488439523818,2.4214144913196862,1.556089486925378,2.1713465847364186,1.4735489760223168
23,1,39.57622900000024,30,25,15,5,20,5,16.7,41.09757845265972,41.4134731292725,0.0252676928870609,0.2779156442897522,0.0,0.0,0.0,0.0,0.01539347366931006,0.1240704383377042,0.03914699808931798,0.19785600341995685,5.146894079981806,2.268676724432506,5.763556604638654,2.4007408449557097
23,2,18.107851000000664,15,20,30,15,45,40,27.5,41.08406697337615,41.0729465484619,0.0,0.5521235860184247,-0.0252676928870609,0.2742079417286725,-0.013511479283565109,-0.3405265808105966,0.01539347366931006,0.1240704383377042,0.03914699808931798,0.19785600341995685,5.146894079981806,2.268676724432506,5.763556604638654,2.4007408449557097
23,3,28.141422000000603,55,60,45,40,80,20,50.0,45.280880462388986,45.4022235870361,0.2132088421118119,0.2487048914833856,0.187941149224751,-0.02921075280636659,4.1833020097292675,3.988750457763601,0.01539347366931006,0.1240704383377042,0.03914699808931798,0.19785600341995685,5.146894079981806,2.268676724432506,5.763556604638654,2.4007408449557097
23,4,27.70787699999892,50,20,80,25,75,20,45.0,44.676043148399735,45.03583145141605,0.2165449196991972,0.1804282934658861,0.1912772268121363,-0.09748735082386609,3.578464695740017,3.6223583221435547,0.01539347366931006,0.1240704383377042,0.03914699808931798,0.19785600341995685,5.146894079981806,2.268676724432506,5.763556604638654,2.4007408449557097
24,1,34.43984099999943,50,5,5,0,50,5,19.2,42.52977988231488,39.2891540527344,0.1451806934881053,0.2612792510830332,0.0,0.0,0.0,0.0,0.04756689934517877,0.21809837079900155,0.00887342162915258,0.09419884091193788,2.366968397986135,1.5384954982014523,16.356223450698305,4.044282810424897
24,2,22.256101999999373,50,25,50,5,60,5,32.5,45.10530516246405,41.4125213623047,0.0449314978876367,0.3593246555980606,-0.1002491956004686,0.09804540451502741,2.575525280149172,2.1233673095702983,0.04756689934517877,0.21809837079900155,0.00887342162915258,0.09419884091193788,2.366968397986135,1.5384954982014523,16.356223450698305,4.044282810424897
24,3,58.50428799999645,100,5,5,50,100,5,44.2,45.54591514277486,46.39500617980955,0.444411869434281,0.1709335001507713,0.2992311759461757,-0.09034575093226188,3.0161352604599827,7.105852127075146,0.04756689934517877,0.21809837079900155,0.00887342162915258,0.09419884091193788,2.366968397986135,1.5384954982014523,16.356223450698305,4.044282810424897
24,4,118.5761829999974,100,75,5,50,100,10,56.7,47.96290086998383,49.4218978881836,0.3963696487008781,0.2637710280284228,0.2511889552127728,0.002491776945389601,5.43312098766895,10.132743835449197,0.04756689934517877,0.21809837079900155,0.00887342162915258,0.09419884091193788,2.366968397986135,1.5384954982014523,16.356223450698305,4.044282810424897
25,1,36.95841399999336,25,10,10,5,25,5,13.3,37.88636637378743,34.9748802185059,0.02705743812492,0.2975957576913138,0.0,0.0,0.0,0.0,0.030898496796525364,0.1757796825475725,0.0025143906809755963,0.05014370031195939,6.4777245486756065,2.5451374321783895,4.406323980908857,2.099124574890413
25,2,23.762040000001434,80,25,15,10,50,5,30.8,41.80037397573447,39.1338921164634,0.0,0.3367138917018829,-0.02705743812492,0.03911813401056907,3.9140076019470413,4.159011897957498,0.030898496796525364,0.1757796825475725,0.0025143906809755963,0.05014370031195939,6.4777245486756065,2.5451374321783895,4.406323980908857,2.099124574890413
25,3,71.43637800001306,65,30,50,20,75,15,42.5,46.89004626193186,43.3313261850758,0.2939678716633164,0.237994182232232,0.2669104335383964,-0.05960157545908179,9.003679888144426,8.3564459665699,0.030898496796525364,0.1757796825475725,0.0025143906809755963,0.05014370031195939,6.4777245486756065,2.5451374321783895,4.406323980908857,2.099124574890413
25,4,47.77603399999498,85,25,50,30,70,10,45.0,44.41303828674693,41.304249729114,0.3139649473625537,0.2720574273885403,0.2869075092376337,-0.025538330302773526,6.5266719129595,6.329369510608096,0.030898496796525364,0.1757796825475725,0.0025143906809755963,0.05014370031195939,6.4777245486756065,2.5451374321783895,4.406323980908857,2.099124574890413
26,1,25.323827999993227,25,25,25,10,30,15,21.7,36.01967989287425,35.84453964233395,0.0,0.2369120831697464,0.0,0.0,0.0,0.0,0.012863346124682373,0.11341669244287797,0.003765669878915435,0.061365054215859985,5.857662396916772,2.4202608117549587,4.846701748179389,2.2015225976990083
26,2,33.077923000004375,30,25,30,50,35,20,31.7,38.82857504872661,38.7066268920898,0.1209265769195808,0.3325509015255819,0.1209265769195808,0.09563881835583551,2.808895155852362,2.8620872497558523,0.012863346124682373,0.11341669244287797,0.003765669878915435,0.061365054215859985,5.857662396916772,2.4202608117549587,4.846701748179389,2.2015225976990083
26,3,52.27679800000624,80,30,25,75,65,75,58.3,43.55288819103459,42.9799613952637,0.1530315609613091,0.2486291829994742,0.1530315609613091,0.011717099829727795,7.533208298160339,7.1354217529297514,0.012863346124682373,0.11341669244287797,0.003765669878915435,0.061365054215859985,5.857662396916772,2.4202608117549587,4.846701748179389,2.2015225976990083
26,4,42.239288000011584,75,30,30,65,65,60,54.2,40.27769482390116,39.92456436157225,0.3314449807959869,0.213034458927317,0.3314449807959869,-0.023877624242429396,4.258014931026906,4.080024719238303,0.012863346124682373,0.11341669244287797,0.003765669878915435,0.061365054215859985,5.857662396916772,2.4202608117549587,4.846701748179389,2.2015225976990083
27,1,31.000108999956865,25,5,5,45,20,5,17.5,35.91002306791273,36.9715347290039,0.0,0.2257527443068963,0.0,0.0,0.0,0.0,0.030159033204129337,0.17366356325991164,0.0033148489439140823,0.0575747248705027,1.1059667148260237,1.051649520907999,1.9339755458253496,1.3906744931238761
27,2,26.37123300001258,80,10,65,25,65,25,45.0,35.94548486086577,35.1016540527344,0.0,0.2654599111921227,0.0,0.03970716688522641,0.03546179295303631,-1.8698806762694957,0.030159033204129337,0.17366356325991164,0.0033148489439140823,0.0575747248705027,1.1059667148260237,1.051649520907999,1.9339755458253496,1.3906744931238761
27,3,129.71973400004208,100,10,5,65,90,60,55.0,37.891550303192695,37.1603164672852,0.308357092375683,0.3006358251132573,0.308357092375683,0.07488308080636102,1.9815272352799624,0.18878173828129974,0.030159033204129337,0.17366356325991164,0.0033148489439140823,0.0575747248705027,1.1059667148260237,1.051649520907999,1.9339755458253496,1.3906744931238761
27,4,47.84480600000825,90,10,55,70,80,95,66.7,36.22748783222554,34.5113067626953,0.2926127446309968,0.1880924146937025,0.2926127446309968,-0.037660329613193794,0.3174647643128097,-2.460227966308601,0.030159033204129337,0.17366356325991164,0.0033148489439140823,0.0575747248705027,1.1059667148260237,1.051649520907999,1.9339755458253496,1.3906744931238761
28,1,41.64136999996845,25,10,25,35,20,70,30.8,32.928453534178324,32.85029983520505,0.1200728986583243,0.3121979222439524,0.0,0.0,0.0,0.0,0.024164506498254006,0.1554493695653154,0.003821250250567426,0.06181626202357618,1.1806941035029037,1.0865974891848884,1.0884723659692226,1.043298790361238
28,2,19.435869999986608,25,15,75,25,25,70,39.2,33.61975187091335,33.624721527099595,0.0,0.2058452750611294,-0.1200728986583243,-0.10635264718282297,0.6912983367350236,0.7744216918945455,0.024164506498254006,0.1554493695653154,0.003821250250567426,0.06181626202357618,1.1806941035029037,1.0865974891848884,1.0884723659692226,1.043298790361238
28,3,44.835928999993484,50,15,15,60,75,50,44.2,35.750811898434534,35.70405197143555,0.2230354142991316,0.2676606661867414,0.1029625156408073,-0.04453725605721098,2.8223583642562105,2.853752136230497,0.024164506498254006,0.1554493695653154,0.003821250250567426,0.06181626202357618,1.1806941035029037,1.0865974891848884,1.0884723659692226,1.043298790361238
28,4,33.434287999989465,50,15,15,30,55,60,37.5,35.05409034422274,34.815071105957,0.2990941514891285,0.3294777991041919,0.1790212528308042,0.017279876860239518,2.125636810044419,1.9647712707519531,0.024164506498254006,0.1554493695653154,0.003821250250567426,0.06181626202357618,1.1806941035029037,1.0865974891848884,1.0884723659692226,1.043298790361238
29,1,35.188239000039175,30,20,20,0,20,5,15.8,43.10018410384034,43.4026260375977,0.0568371722153465,0.3409416450249519,0.0,0.0,0.0,0.0,0.04370876873056562,0.20906642181509114,0.0021859660197068686,0.04675431551960598,8.987766673926702,2.9979604190060116,8.337748787813304,2.8875160238193143
29,2,25.58913400000893,30,25,40,0,45,5,24.2,44.12500236501648,44.3642158508301,0.0,0.3517131665007745,-0.0568371722153465,0.01077152147582261,1.0248182611761365,0.9615898132324006,0.04370876873056562,0.20906642181509114,0.0021859660197068686,0.04675431551960598,8.987766673926702,2.9979604190060116,8.337748787813304,2.8875160238193143
29,3,61.912028999999166,70,10,35,65,60,25,44.2,46.99394634163165,47.2663764953613,0.3553429011347745,0.2584143654161718,0.298505728919428,-0.08252727960878009,3.8937622377913073,3.863750457763601,0.04370876873056562,0.20906642181509114,0.0021859660197068686,0.04675431551960598,8.987766673926702,2.9979604190060116,8.337748787813304,2.8875160238193143
29,4,51.556957000051625,85,25,55,55,75,50,57.5,50.119098281463614,50.1392230987549,0.3685244650878246,0.3104857901425218,0.3116872928724781,-0.030455854882430078,7.018914177623273,6.736597061157198,0.04370876873056562,0.20906642181509114,0.0021859660197068686,0.04675431551960598,8.987766673926702,2.9979604190060116,8.337748787813304,2.8875160238193143
30,1,50.4296580000082,35,15,50,50,25,75,41.7,39.98095306561583,40.12134170532229,0.0198296010653063,0.2775684394061183,0.0,0.0,0.0,0.0,0.0032745092130832595,0.057223327525435456,0.0014247341204609765,0.03774565035154351,7.368924992185052,2.7145763927701596,7.169855544932195,2.67765859379649
30,2,21.687841999926604,20,45,50,50,25,15,34.2,41.66951835346564,42.2895251653322,0.0461087829763507,0.322759389907132,0.026279181911044402,0.04519095050101368,1.688565287849812,2.1681834600099137,0.0032745092130832595,0.057223327525435456,0.0014247341204609765,0.03774565035154351,7.368924992185052,2.7145763927701596,7.169855544932195,2.67765859379649
30,3,57.6400249999715,50,5,25,45,50,45,36.7,42.02770538562886,42.290300369262695,0.1387924450068152,0.2602360127246232,0.1189628439415089,-0.017332426681495094,2.0467523200130344,2.1689586639404084,0.0032745092130832595,0.057223327525435456,0.0014247341204609765,0.03774565035154351,7.368924992185052,2.7145763927701596,7.169855544932195,2.67765859379649
30,4,86.32394100003876,75,5,30,90,70,45,52.5,46.540152289712864,46.92775344848635,0.1505955340940025,0.2548599770326578,0.1307659330286962,-0.022708462373460525,6.559199224097036,6.8064117431640625,0.0032745092130832595,0.057223327525435456,0.0014247341204609765,0.03774565035154351,7.368924992185052,2.7145763927701596,7.169855544932195,2.67765859379649
31,1,41.64136999996845,30,10,15,25,50,10,23.3,32.928453534178324,32.85029983520505,0.1200728986583243,0.3121979222439524,0.0,0.0,0.0,0.0,0.024164506498254006,0.1554493695653154,0.003821250250567426,0.06181626202357618,1.1806941035029037,1.0865974891848884,1.0884723659692226,1.043298790361238
31,2,19.435869999986608,60,10,75,30,60,20,42.5,33.61975187091335,33.624721527099595,0.0,0.2058452750611294,-0.1200728986583243,-0.10635264718282297,0.6912983367350236,0.7744216918945455,0.024164506498254006,0.1554493695653154,0.003821250250567426,0.06181626202357618,1.1806941035029037,1.0865974891848884,1.0884723659692226,1.043298790361238
31,3,44.835928999993484,50,10,30,50,55,45,40.0,35.750811898434534,35.70405197143555,0.2230354142991316,0.2676606661867414,0.1029625156408073,-0.04453725605721098,2.8223583642562105,2.853752136230497,0.024164506498254006,0.1554493695653154,0.003821250250567426,0.06181626202357618,1.1806941035029037,1.0865974891848884,1.0884723659692226,1.043298790361238
31,4,33.434287999989465,75,10,90,75,85,40,62.5,35.05409034422274,34.815071105957,0.2990941514891285,0.3294777991041919,0.1790212528308042,0.017279876860239518,2.125636810044419,1.9647712707519531,0.024164506498254006,0.1554493695653154,0.003821250250567426,0.06181626202357618,1.1806941035029037,1.0865974891848884,1.0884723659692226,1.043298790361238
32,1,75.81597900006454,15,10,10,0,95,5,22.5,38.49748443353263,38.457202911377,0.0263796633160708,0.1055247913416881,0.0,0.0,0.0,0.0,0.018938216245706477,0.13761619180062526,0.002758608925424335,0.05252246115162859,5.824899893589744,2.413482938325801,6.318659213270942,2.5136943356882
32,2,31.375676000025123,20,30,25,5,95,5,30.0,40.82551031376949,40.89111328125,0.0,0.2231065670746856,-0.0263796633160708,0.1175817757329975,2.328025880236865,2.433910369872997,0.018938216245706477,0.13761619180062526,0.002758608925424335,0.05252246115162859,5.824899893589744,2.413482938325801,6.318659213270942,2.5136943356882
32,3,88.67594099999405,80,70,50,60,95,85,73.3,41.39709198619918,41.2886562347412,0.1691552390743844,0.3270129141795842,0.1427755757583136,0.22148812283789612,2.899607552666552,2.831453323364194,0.018938216245706477,0.13761619180062526,0.002758608925424335,0.05252246115162859,5.824899893589744,2.413482938325801,6.318659213270942,2.5136943356882
32,4,91.70757500000764,95,60,95,80,75,100,84.2,45.2621649726815,45.430097579956055,0.2726056162754049,0.261701969489694,0.2462259529593341,0.15617717814800589,6.76468053914887,6.972894668579052,0.018938216245706477,0.13761619180062526,0.002758608925424335,0.05252246115162859,5.824899893589744,2.413482938325801,6.318659213270942,2.5136943356882
33,1,27.01208799995948,25,10,5,0,30,5,12.5,30.919966828682373,30.99506850619175,0.0,0.3331353583921248,0.0,0.0,0.0,0.0,0.0019858330239071677,0.04456268645298629,6.9773769785228e-05,0.008353069482844495,1.078411637040066,1.0384660018700977,0.8874870916334077,0.9420653329962884
33,2,25.192940999986604,35,30,60,45,50,55,45.8,34.01267790386806,34.578556060791,0.0793873172648268,0.2777980118359319,0.0793873172648268,-0.055337346556192935,3.0927110751856866,3.5834875545992517,0.0019858330239071677,0.04456268645298629,6.9773769785228e-05,0.008353069482844495,1.078411637040066,1.0384660018700977,0.8874870916334077,0.9420653329962884
33,3,34.34696300001815,55,15,5,50,30,15,28.3,34.10493152207591,34.26020050048825,0.0873439669177858,0.2620364248096304,0.0873439669177858,-0.07109893358249442,3.1849646933935354,3.265131994296503,0.0019858330239071677,0.04456268645298629,6.9773769785228e-05,0.008353069482844495,1.078411637040066,1.0384660018700977,0.8874870916334077,0.9420653329962884
33,4,43.683851000037976,55,50,75,70,55,55,60.0,35.85570534004235,36.0276222229004,0.160242282668575,0.2747131113746462,0.160242282668575,-0.05842224701747861,4.935738511359975,5.032553716708648,0.0019858330239071677,0.04456268645298629,6.9773769785228e-05,0.008353069482844495,1.078411637040066,1.0384660018700977,0.8874870916334077,0.9420653329962884
34,1,33.2918569999747,5,5,5,25,5,5,8.3,26.84956429698332,26.750789642334,0.0,0.2102341977421239,0.0,0.0,0.0,0.0,0.006017831292223426,0.07757468203108167,0.00022484913555961562,0.014994970342071891,3.3646176765907425,1.8342894200727273,2.8921293576249707,1.7006261663354973
34,2,29.632373000029474,15,20,80,40,35,40,38.3,28.173170613926565,28.2951946258545,0.0,0.303671069435392,0.0,0.09343687169326811,1.3236063169432448,1.5444049835205007,0.006017831292223426,0.07757468203108167,0.00022484913555961562,0.014994970342071891,3.3646176765907425,1.8342894200727273,2.8921293576249707,1.7006261663354973
34,3,24.64557900000364,5,5,5,95,5,30,24.2,27.07440966873634,27.1056213378906,0.0,0.2840685202487407,0.0,0.07383432250661678,0.22484537175301966,0.35483169555660155,0.006017831292223426,0.07757468203108167,0.00022484913555961562,0.014994970342071891,3.3646176765907425,1.8342894200727273,2.8921293576249707,1.7006261663354973
34,4,44.65505400008988,45,5,60,30,45,35,36.7,30.655026905222677,30.459950447082495,0.1343632906588339,0.3135256452616624,0.1343632906588339,0.10329144751953848,3.805462608239356,3.709160804748496,0.006017831292223426,0.07757468203108167,0.00022484913555961562,0.014994970342071891,3.3646176765907425,1.8342894200727273,2.8921293576249707,1.7006261663354973
35,1,29.507894000038505,25,5,30,25,20,25,21.7,35.081415515774644,35.0379371643066,0.033889236554757,0.3388005981116607,0.0,0.0,0.0,0.0,0.013045634061306129,0.11421748579489101,0.0012933775069615791,0.03596355804090551,1.2578871522687267,1.1215556839803928,1.2629406541285333,1.1238063241184102
35,2,29.523863999987952,35,5,25,40,30,15,25.0,35.87295925788675,35.7455253601074,0.0,0.4064511038563942,-0.033889236554757,0.06765050574473352,0.7915437421121041,0.7075881958008026,0.013045634061306129,0.11421748579489101,0.0012933775069615791,0.03596355804090551,1.2578871522687267,1.1215556839803928,1.2629406541285333,1.1238063241184102
35,3,48.64602600003127,65,5,20,35,60,30,35.8,36.37631547173615,36.1877403259277,0.2261233014181452,0.3494641748033281,0.1922340648633882,0.010663576691667398,1.2948999559615046,1.1498031616211009,0.013045634061306129,0.11421748579489101,0.0012933775069615791,0.03596355804090551,1.2578871522687267,1.1215556839803928,1.2629406541285333,1.1238063241184102
35,4,35.298818000010215,85,5,65,85,75,80,65.8,38.01768671659565,37.8750762939453,0.08498868149067,0.3399510614950923,0.051099444935913,0.0011504633834316103,2.936271200821004,2.8371391296387003,0.013045634061306129,0.11421748579489101,0.0012933775069615791,0.03596355804090551,1.2578871522687267,1.1215556839803928,1.2629406541285333,1.1238063241184102
36,1,30.918845999985933,25,15,15,25,35,35,25.0,38.254205183619575,38.1946398752434,0.0,0.1940567594674096,0.0,0.0,0.0,0.0,0.010576580481006003,0.10284250328053086,0.003399152929811514,0.05830225492904639,2.3625995831288336,1.5370750089468093,2.3407824111574707,1.5299615717910926
36,2,25.062837000004947,35,25,10,15,50,15,25.0,41.9142013489413,41.9037742614746,0.0,0.3191033769492057,0.0,0.1250466174817961,3.659996165321722,3.7091343862311987,0.010576580481006003,0.10284250328053086,0.003399152929811514,0.05830225492904639,2.3625995831288336,1.5370750089468093,2.3407824111574707,1.5299615717910926
36,3,70.76421299995854,100,15,35,15,85,50,50.0,44.52977573057908,44.4504856962192,0.1271829307280683,0.2119606692565667,0.1271829307280683,0.017903909789157096,6.275570546959507,6.255845820975793,0.010576580481006003,0.10284250328053086,0.003399152929811514,0.05830225492904639,2.3625995831288336,1.5370750089468093,2.3407824111574707,1.5299615717910926
36,4,58.94351299997652,90,15,85,25,95,75,64.2,44.620872645030026,44.646157849439646,0.2035847439226226,0.3053790923884915,0.2035847439226226,0.11132233292108187,6.366667461410451,6.451517974196243,0.010576580481006003,0.10284250328053086,0.003399152929811514,0.05830225492904639,2.3625995831288336,1.5370750089468093,2.3407824111574707,1.5299615717910926
37,1,16.75169399997685,10,10,25,5,20,5,12.5,31.443278406741545,31.50541019439695,0.0596954552776203,0.1193761201023584,0.0,0.0,0.0,0.0,0.004961307081271041,0.07043654648881531,0.01954665809684793,0.13980936340906475,0.056511722390415686,0.2377219434347946,0.30904891283118574,0.5559216786843141
37,2,11.25620699999854,40,15,30,10,30,10,22.5,32.741573101307246,31.83304308222995,0.0,0.0,-0.0596954552776203,-0.1193761201023584,1.2982946945657012,0.3276328878329977,0.004961307081271041,0.07043654648881531,0.01954665809684793,0.13980936340906475,0.056511722390415686,0.2377219434347946,0.30904891283118574,0.5559216786843141
37,3,35.98843599995598,40,20,20,15,20,5,20.0,32.44097724883579,32.6038627624512,0.0555734069689065,0.2778717756241285,-0.004122048308713801,0.1584956555217701,0.9976988420942483,1.098452568054249,0.004961307081271041,0.07043654648881531,0.01954665809684793,0.13980936340906475,0.056511722390415686,0.2377219434347946,0.30904891283118574,0.5559216786843141
37,4,71.48366800002987,60,20,50,10,35,10,30.8,32.91028421456565,32.91237258911135,0.1398920939534862,0.1119093911067147,0.0801966386758659,-0.007466728995643698,1.4670058078241048,1.406962394714398,0.004961307081271041,0.07043654648881531,0.01954665809684793,0.13980936340906475,0.056511722390415686,0.2377219434347946,0.30904891283118574,0.5559216786843141
38,1,57.46745100000408,50,5,5,0,25,5,15.0,26.72047601802728,26.6483535766602,0.0174011546118502,0.1914120312414355,0.0,0.0,0.0,0.0,0.010416841877603871,0.10206293096714336,0.002120889689408355,0.046053118129051315,0.22108817627273064,0.4702001449093042,0.09957108089993476,0.31554885659741305
38,2,28.54990500002168,50,25,50,10,50,5,31.7,27.719569802605125,27.8827496988634,0.0,0.2101359053965124,-0.0174011546118502,0.018723874155076897,0.9990937845778447,1.2343961222032007,0.010416841877603871,0.10206293096714336,0.002120889689408355,0.046053118129051315,0.22108817627273064,0.4702001449093042,0.09957108089993476,0.31554885659741305
38,3,102.84801600000355,75,25,25,25,50,50,41.7,27.550580062863546,27.5869666727052,0.1944616996792559,0.2625234923887286,0.17706054506740568,0.07111146114729308,0.8301040448362649,0.9386130960449997,0.010416841877603871,0.10206293096714336,0.002120889689408355,0.046053118129051315,0.22108817627273064,0.4702001449093042,0.09957108089993476,0.31554885659741305
38,4,79.48052999994252,75,25,15,15,50,50,38.3,28.436228088950266,28.21765995025635,0.1509803721742756,0.3019370507297035,0.13357921756242538,0.11052501948826801,1.715752070922985,1.5693063735961523,0.010416841877603871,0.10206293096714336,0.002120889689408355,0.046053118129051315,0.22108817627273064,0.4702001449093042,0.09957108089993476,0.31554885659741305
39,1,32.03911100002006,5,10,5,0,5,5,5.0,28.983968906436303,28.9920436789878,0.0,0.3744923229926123,0.0,0.0,0.0,0.0,0.02279103436213284,0.15096699759262897,0.0004599564488024599,0.02144659527296722,4.819347323315386,2.195301191935946,4.8594803501514985,2.204422906375158
39,2,47.23850300000049,5,10,35,65,5,5,20.8,28.068448340335188,28.0333722508216,0.0211691721052208,0.3386856783636383,0.0211691721052208,-0.03580664462897404,-0.9155205661011152,-0.9586714281662019,0.02279103436213284,0.15096699759262897,0.0004599564488024599,0.02144659527296722,4.819347323315386,2.195301191935946,4.8594803501514985,2.204422906375158
39,3,59.93604599998798,30,5,10,30,40,5,20.0,32.22040693732017,32.1882629394531,0.3003201112065952,0.3003000523043196,0.3003201112065952,-0.0741922706882927,3.2364380308838676,3.196219260465295,0.02279103436213284,0.15096699759262897,0.0004599564488024599,0.02144659527296722,4.819347323315386,2.195301191935946,4.8594803501514985,2.204422906375158
39,4,32.7335290000774,20,10,10,5,10,5,10.0,31.38094364221705,31.3879642486572,0.0610994311061074,0.3360692681534388,0.0610994311061074,-0.03842305483917352,2.3969747357807485,2.3959205696694,0.02279103436213284,0.15096699759262897,0.0004599564488024599,0.02144659527296722,4.819347323315386,2.195301191935946,4.8594803501514985,2.204422906375158
40,1,45.9195400000317,35,25,50,5,25,10,25.0,31.76688073922774,31.7721214294434,0.0217772216359159,0.2831166561712057,0.0,0.0,0.0,0.0,0.16124504799655598,0.40155329409252266,0.0026585275292611687,0.05156091086531704,8.680076471828452,2.946196950617601,9.70859212378988,3.115861377498986
40,2,40.61972300009802,55,35,75,20,50,30,44.2,33.437913147003606,33.2792587280273,0.0492371649111239,0.3200102048790298,0.027459943275208,0.03689354870782413,1.671032407775865,1.5071372985839027,0.16124504799655598,0.40155329409252266,0.0026585275292611687,0.05156091086531704,8.680076471828452,2.946196950617601,9.70859212378988,3.115861377498986
40,3,100.53204499999993,85,75,55,70,80,20,64.2,37.93845020104739,37.92292022705075,0.8057132429764068,0.2685606558787548,0.7839360213404909,-0.01455600029245091,6.171569461819647,6.150798797607354,0.16124504799655598,0.40155329409252266,0.0026585275292611687,0.05156091086531704,8.680076471828452,2.946196950617601,9.70859212378988,3.115861377498986
40,4,96.82008800003678,85,45,95,75,75,25,66.7,38.98197949483502,39.20012855529785,0.6610198495169276,0.2168884632643165,0.6392426278810117,-0.0662281929068892,7.215098755607276,7.428007125854453,0.16124504799655598,0.40155329409252266,0.0026585275292611687,0.05156091086531704,8.680076471828452,2.946196950617601,9.70859212378988,3.115861377498986
41,1,71.82418400002643,20,5,20,5,20,5,12.5,28.904500805969388,29.0213675750654,0.0,0.3341611595919492,0.0,0.0,0.0,0.0,0.0001772451809707519,0.013313345972021905,0.0014364957872850645,0.03790113174148055,0.8773138045406997,0.9366503107033595,0.8850207033829299,0.9407553897708638
41,2,62.70812299998943,15,5,15,5,25,5,11.7,29.23106443181091,29.2870639113303,0.0,0.2711062148618165,0.0,-0.06305494473013268,0.32656362584152276,0.26569633626489875,0.0001772451809707519,0.013313345972021905,0.0014364957872850645,0.03790113174148055,0.8773138045406997,0.9366503107033595,0.8850207033829299,0.9407553897708638
41,3,118.88899299991316,90,90,90,5,90,25,65.0,31.049298061332284,31.1111869812012,0.0,0.23551754066928,0.0,-0.09864361892266921,2.144797255362896,2.089819406135799,0.0001772451809707519,0.013313345972021905,0.0014364957872850645,0.03790113174148055,0.8773138045406997,0.9366503107033595,0.8850207033829299,0.9407553897708638
41,4,86.73255700001027,90,90,90,10,90,25,65.8,30.53064413210651,30.5984916687012,0.0230593916422844,0.3112736933320771,0.0230593916422844,-0.02288746625987209,1.6261433261371216,1.577124093635799,0.0001772451809707519,0.013313345972021905,0.0014364957872850645,0.03790113174148055,0.8773138045406997,0.9366503107033595,0.8850207033829299,0.9407553897708638
42,1,43.37153399991803,40,20,15,10,10,10,17.5,30.16232018310309,30.289182662963903,0.0691697923344299,0.2997092935126747,0.0,0.0,0.0,0.0,0.0009375683360102613,0.030619737686829736,0.002885537451188486,0.05371719883974299,1.0009538775457254,1.0004768250917786,0.9647637560022764,0.9822238828303231
42,2,27.28239800001029,50,25,60,20,30,10,32.5,33.03518368670857,33.1260032653809,0.0366536695197989,0.3298975662552355,-0.032516122814630996,0.03018827274256075,2.8728635036054797,2.8368206024169993,0.0009375683360102613,0.030619737686829736,0.002885537451188486,0.05371719883974299,1.0009538775457254,1.0004768250917786,0.9647637560022764,0.9822238828303231
42,3,70.98428799991962,75,60,30,65,90,75,65.8,33.948182939653734,34.031467437744155,0.0845257474443752,0.2676462425234721,0.015355955109945307,-0.032063050989202646,3.7858627565506424,3.742284774780252,0.0009375683360102613,0.030619737686829736,0.002885537451188486,0.05371719883974299,1.0009538775457254,1.0004768250917786,0.9647637560022764,0.9822238828303231
42,4,42.70588100003079,70,60,40,35,65,25,49.2,31.949708635785846,32.0689697265625,0.0936639148129766,0.3746019239976715,0.02449412247854671,0.07489263048499678,1.7873884526827553,1.7797870635985973,0.0009375683360102613,0.030619737686829736,0.002885537451188486,0.05371719883974299,1.0009538775457254,1.0004768250917786,0.9647637560022764,0.9822238828303231
43,1,34.35465400000248,5,5,10,0,10,5,5.8,28.616321585436364,28.6911087036133,0.0873244131639277,0.2037479315582667,0.0,0.0,0.0,0.0,0.00028562011635221724,0.016900299297711186,0.002531852113545321,0.05031751299046209,1.681284028857573,1.2966433699585915,1.2326020723123992,1.1102261356644416
43,2,33.46423099999811,15,10,10,0,5,5,7.5,29.53197977496064,29.8584861755371,0.0597653058275898,0.2390637236607716,-0.027559107336337894,0.035315792102504906,0.9156581895242759,1.1673774719237997,0.00028562011635221724,0.016900299297711186,0.002531852113545321,0.05031751299046209,1.681284028857573,1.2966433699585915,1.2326020723123992,1.1102261356644416
43,3,51.95103199999721,30,10,55,10,70,10,30.8,31.332484925829103,31.2689971923828,0.0769955830713856,0.3079709414403374,-0.010328830092542096,0.10422300988207067,2.7161633403927397,2.5778884887694993,0.00028562011635221724,0.016900299297711186,0.002531852113545321,0.05031751299046209,1.681284028857573,1.2966433699585915,1.2326020723123992,1.1102261356644416
43,4,53.43950400000176,65,5,65,80,55,35,50.8,32.04855162202558,32.0488848489292,0.0935637426574886,0.337034281816444,0.006239329493560902,0.1332863502581773,3.432230036589214,3.357776145315899,0.00028562011635221724,0.016900299297711186,0.002531852113545321,0.05031751299046209,1.681284028857573,1.2966433699585915,1.2326020723123992,1.1102261356644416
44,1,26.77200300000186,50,25,25,15,35,5,25.8,32.069953691340736,32.0432987213135,0.0373524536061022,0.2987752120995945,0.0,0.0,0.0,0.0,0.20165983604961935,0.44906551420657914,0.009564937148726619,0.09780049666912034,5.4359922816419,2.331521452108451,5.124442692253001,2.2637231924979258
44,2,34.59011900000041,50,5,75,25,65,5,37.5,33.06694562291998,33.0068302154541,0.0578199803244382,0.3758302306620441,0.020467526718336,0.07705501856244956,0.9969919315792453,0.9635314941406037,0.20165983604961935,0.44906551420657914,0.009564937148726619,0.09780049666912034,5.4359922816419,2.331521452108451,5.124442692253001,2.2637231924979258
44,3,63.3574959999969,85,50,50,25,60,50,53.3,34.306020838708854,34.5428619384766,0.9470071228825542,0.2682941558501944,0.909654669276452,-0.030481056249400118,2.236067147368118,2.4995632171631,0.20165983604961935,0.44906551420657914,0.009564937148726619,0.09780049666912034,5.4359922816419,2.331521452108451,5.124442692253001,2.2637231924979258
44,4,99.68808199999694,60,5,75,25,75,5,40.8,37.57961773942557,37.4631767272949,0.61190865323301,0.1805637624990078,0.5745561996269078,-0.11821144960058672,5.5096640480848365,5.419878005981403,0.20165983604961935,0.44906551420657914,0.009564937148726619,0.09780049666912034,5.4359922816419,2.331521452108451,5.124442692253001,2.2637231924979258
45,1,69.07207500000368,55,20,35,25,40,15,31.7,34.267423344339726,34.01073265075685,0.0144776307936303,0.2316423559582414,0.0,0.0,0.0,0.0,0.0012891461252027639,0.035904681104317916,0.004204433357722946,0.06484160206011991,0.5925871341906931,0.7697968135753052,0.5511332790823174,0.7423835121298946
45,2,35.4942219999939,65,30,20,5,25,5,25.0,35.58384829256882,35.39013671875,0.0,0.2253642156867375,-0.0144776307936303,-0.00627814027150389,1.3164249482290913,1.3794040679931499,0.0012891461252027639,0.035904681104317916,0.004204433357722946,0.06484160206011991,0.5925871341906931,0.7697968135753052,0.5511332790823174,0.7423835121298946
45,3,70.69476199999917,80,65,55,40,80,30,58.3,36.734790225661705,36.6776008605957,0.0707265978206427,0.2404617249858241,0.056248967027012396,0.008819369027582707,2.467366881321979,2.666868209838853,0.0012891461252027639,0.035904681104317916,0.004204433357722946,0.06484160206011991,0.5925871341906931,0.7697968135753052,0.5511332790823174,0.7423835121298946
45,4,40.64280999999028,85,45,80,55,85,25,62.5,37.04490432140933,36.6743583679199,0.0246045979596449,0.3444582480619283,0.0101269671660146,0.11281589210368692,2.777480977069601,2.6636257171630504,0.0012891461252027639,0.035904681104317916,0.004204433357722946,0.06484160206011991,0.5925871341906931,0.7697968135753052,0.5511332790823174,0.7423835121298946
46,1,25.530761000001803,10,5,15,0,10,5,7.5,31.055881048210967,31.194507598877,0.078336873703054,0.3918359030420137,0.0,0.0,0.0,0.0,0.0021398808566969792,0.04625884625341384,0.003296295095964935,0.05741337035887142,4.1999006744314995,2.049365920091261,4.399671966116582,2.0975395028739223
46,2,33.331174000006285,10,30,100,10,45,15,35.0,31.033951072477905,31.2105770111084,0.0900058305776878,0.2399984112105387,0.01166895687463379,-0.15183749183147502,-0.021929975733062435,0.016069412231399127,0.0021398808566969792,0.04625884625341384,0.003296295095964935,0.05741337035887142,4.1999006744314995,2.049365920091261,4.399671966116582,2.0975395028739223
46,3,42.97146800000337,75,5,55,15,55,20,37.5,35.13043137832511,35.3915328979492,0.1628987867018983,0.3491465165774192,0.0845619129988443,-0.042689386464594525,4.074550330114146,4.197025299072198,0.0021398808566969792,0.04625884625341384,0.003296295095964935,0.05741337035887142,4.1999006744314995,2.049365920091261,4.399671966116582,2.0975395028739223
46,4,45.50780300000042,65,25,75,30,80,50,54.2,33.19982987189563,33.598917007446246,0.1757940281142538,0.2636871338971978,0.09745715441119979,-0.12814876914481593,2.1439488236846636,2.404409408569247,0.0021398808566969792,0.04625884625341384,0.003296295095964935,0.05741337035887142,4.1999006744314995,2.049365920091261,4.399671966116582,2.0975395028739223
47,1,41.93576300004497,5,5,5,0,10,5,5.0,31.570698497810213,31.573809623718297,0.0476919902470322,0.238478128926151,0.0,0.0,0.0,0.0,0.006320496959601038,0.07950155318986565,0.0002903814464115955,0.017040582337807458,0.5620275070354617,0.7496849385144814,0.6294020112448457,0.7933486063798472
47,2,22.78008499997668,10,5,5,45,20,10,15.8,33.22578155602309,33.427505493164105,0.1316939774370056,0.3071649089192347,0.0840019871899734,0.0686867799930837,1.655083058212874,1.8536958694458079,0.006320496959601038,0.07950155318986565,0.0002903814464115955,0.017040582337807458,0.5620275070354617,0.7496849385144814,0.6294020112448457,0.7933486063798472
47,3,90.3236039999174,50,10,20,50,75,10,35.8,34.71404367946369,35.0118865966797,0.0774991219350193,0.2878417509820132,0.029807131687987105,0.0493636220558622,3.14334518165348,3.4380769729614045,0.006320496959601038,0.07950155318986565,0.0002903814464115955,0.017040582337807458,0.5620275070354617,0.7496849385144814,0.6294020112448457,0.7933486063798472
47,4,34.180457999929786,50,5,10,10,50,5,21.7,34.12767639703201,34.2939147949219,0.2340518667133259,0.3218160018468735,0.1863598764662937,0.08333787292072248,2.556977899221799,2.720105171203606,0.006320496959601038,0.07950155318986565,0.0002903814464115955,0.017040582337807458,0.5620275070354617,0.7496849385144814,0.6294020112448457,0.7933486063798472
